<?xml version="1.0" encoding="UTF-8"?>
<configurationDescriptor version="62">
  <logicalFolder name="root" displayName="root" projectFiles="true">
    <logicalFolder name="HeaderFiles"
                   displayName="Header Files"
                   projectFiles="true">
      <logicalFolder name="Application" displayName="Application" projectFiles="true">
        <itemPath>../ConfigApp.h</itemPath>
        <itemPath>../SystemProfile.h</itemPath>
        <itemPath>../HardwareProfile.h</itemPath>
      </logicalFolder>
      <logicalFolder name="Common" displayName="Common" projectFiles="true">
        <itemPath>../../../Microchip/Include/Compiler.h</itemPath>
        <itemPath>../../../Microchip/Include/GenericTypeDefs.h</itemPath>
        <itemPath>../../../Microchip/Include/MSPI.h</itemPath>
        <itemPath>../../../Microchip/Include/Console.h</itemPath>
      </logicalFolder>
      <logicalFolder name="Protocols" displayName="Protocols" projectFiles="true">
        <itemPath>../../../Microchip/Include/WirelessProtocols/P2P/ConfigP2P.h</itemPath>
        <itemPath>../../../Microchip/Include/WirelessProtocols/P2P/P2P.h</itemPath>
        <itemPath>../../../Microchip/Include/WirelessProtocols/MCHP_API.h</itemPath>
        <itemPath>../../../Microchip/Include/WirelessProtocols/MiWi/ConfigMiWi.h</itemPath>
        <itemPath>../../../Microchip/Include/WirelessProtocols/MiWi/MiWi.h</itemPath>
        <itemPath>../../../Microchip/Include/WirelessProtocols/SymbolTime.h</itemPath>
        <itemPath>../../../Microchip/Include/WirelessProtocols/LCDBlocking.h</itemPath>
        <itemPath>../../../Microchip/Include/WirelessProtocols/NVM.h</itemPath>
      </logicalFolder>
      <logicalFolder name="Transceivers"
                     displayName="Transceivers"
                     projectFiles="true">
        <itemPath>../../../Microchip/Include/Transceivers/Transceivers.h</itemPath>
        <itemPath>../../../Microchip/Include/Transceivers/Security.h</itemPath>
        <itemPath>../../../Microchip/Include/Transceivers/MRF49XA/MRF49XA.h</itemPath>
        <itemPath>../../../Microchip/Include/Transceivers/MRF24J40/MRF24J40.h</itemPath>
        <itemPath>../../../Microchip/Include/Transceivers/MCHP_MAC.h</itemPath>
        <itemPath>../../../Microchip/Include/Transceivers/crc.h</itemPath>
        <itemPath>../../../Microchip/Include/Transceivers/MRF49XA/ConfigMRF49XA.h</itemPath>
        <itemPath>../../../Microchip/Include/Transceivers/MRF24J40/ConfigMRF24J40.h</itemPath>
        <itemPath>../../../Microchip/Include/Transceivers/MRF89XA/ConfigMRF89XA.h</itemPath>
        <itemPath>../../../Microchip/Include/Transceivers/MRF89XA/MRF89XA.h</itemPath>
      </logicalFolder>
    </logicalFolder>
    <logicalFolder name="LinkerScript"
                   displayName="Linker Files"
                   projectFiles="true">
    </logicalFolder>
    <logicalFolder name="SourceFiles"
                   displayName="Source Files"
                   projectFiles="true">
      <logicalFolder name="Application" displayName="Application" projectFiles="true">
        <itemPath>../HardwareProfile.c</itemPath>
        <itemPath>../EndPoint.c</itemPath>
      </logicalFolder>
      <logicalFolder name="Common" displayName="Common" projectFiles="true">
        <itemPath>../../../Microchip/Common/Console.c</itemPath>
        <itemPath>../../../Microchip/Common/MSPI.c</itemPath>
        <itemPath>../../../Microchip/Common/TimeDelay.c</itemPath>
      </logicalFolder>
      <logicalFolder name="Protocols" displayName="Protocols" projectFiles="true">
        <itemPath>../../../Microchip/WirelessProtocols/NVM.c</itemPath>
        <itemPath>../../../Microchip/WirelessProtocols/MiWi/MiWi.c</itemPath>
        <itemPath>../../../Microchip/WirelessProtocols/P2P/P2P.c</itemPath>
        <itemPath>../../../Microchip/WirelessProtocols/SymbolTime.c</itemPath>
      </logicalFolder>
      <logicalFolder name="Transceivers"
                     displayName="Transceivers"
                     projectFiles="true">
        <itemPath>../../../Microchip/Transceivers/crc.c</itemPath>
        <itemPath>../../../Microchip/Transceivers/MRF24J40/MRF24J40.c</itemPath>
        <itemPath>../../../Microchip/Transceivers/MRF49XA/MRF49XA.c</itemPath>
        <itemPath>../../../Microchip/Transceivers/security.c</itemPath>
        <itemPath>../../../Microchip/Transceivers/MRF89XA/MRF89XA.c</itemPath>
      </logicalFolder>
    </logicalFolder>
    <logicalFolder name="ExternalFiles"
                   displayName="Important Files"
                   projectFiles="false">
      <itemPath>Makefile</itemPath>
    </logicalFolder>
  </logicalFolder>
  <sourceRootList>
    <Elem>..</Elem>
    <Elem>..\..\..\Microchip\Transceivers</Elem>
    <Elem>..\..\..\Microchip\Transceivers\MRF24J40</Elem>
    <Elem>..\..\..\Microchip\Include</Elem>
    <Elem>..\..\..\Microchip\Common</Elem>
    <Elem>..\..\..\Microchip\WirelessProtocols\P2P</Elem>
    <Elem>..\..\..\Microchip\WirelessProtocols</Elem>
    <Elem>..\..\..\Microchip\Include\WirelessProtocols\MiWi</Elem>
    <Elem>..\..\..\Microchip\Include\WirelessProtocols\P2P</Elem>
    <Elem>..\..\..\Microchip\Include\Transceivers\MRF89XA</Elem>
    <Elem>..\..\..\Microchip\Include\WirelessProtocols</Elem>
    <Elem>..\..\..\Microchip\Include\Transceivers\MRF24J40</Elem>
    <Elem>..\..\..\Microchip\Transceivers\MRF49XA</Elem>
    <Elem>..\..\..\Microchip\WirelessProtocols\MiWi</Elem>
    <Elem>..\..\..\Microchip\Transceivers\MRF89XA</Elem>
    <Elem>..\..\..\Microchip\Include\Transceivers\MRF49XA</Elem>
    <Elem>..\..\..\Microchip\Include\Transceivers</Elem>
  </sourceRootList>
  <projectmakefile>Makefile</projectmakefile>
  <confs>
    <conf name="default" type="2">
      <toolsSet>
        <developmentServer>localhost</developmentServer>
        <targetDevice>PIC24F16KA102</targetDevice>
        <targetHeader></targetHeader>
        <targetPluginBoard></targetPluginBoard>
        <platformTool>PICkit3PlatformTool</platformTool>
        <languageToolchain>XC16</languageToolchain>
        <languageToolchainVersion>1.25</languageToolchainVersion>
        <platform>3</platform>
      </toolsSet>
      <compileType>
        <linkerTool>
          <linkerLibItems>
          </linkerLibItems>
        </linkerTool>
        <archiverTool>
        </archiverTool>
        <loading>
          <useAlternateLoadableFile>false</useAlternateLoadableFile>
          <parseOnProdLoad>false</parseOnProdLoad>
          <alternateLoadableFile></alternateLoadableFile>
        </loading>
      </compileType>
      <makeCustomizationType>
        <makeCustomizationPreStepEnabled>false</makeCustomizationPreStepEnabled>
        <makeCustomizationPreStep></makeCustomizationPreStep>
        <makeCustomizationPostStepEnabled>false</makeCustomizationPostStepEnabled>
        <makeCustomizationPostStep></makeCustomizationPostStep>
        <makeCustomizationPutChecksumInUserID>false</makeCustomizationPutChecksumInUserID>
        <makeCustomizationEnableLongLines>false</makeCustomizationEnableLongLines>
        <makeCustomizationNormalizeHexFile>false</makeCustomizationNormalizeHexFile>
      </makeCustomizationType>
      <C30>
        <property key="code-model" value="default"/>
        <property key="const-model" value="default"/>
        <property key="data-model" value="default"/>
        <property key="disable-instruction-scheduling" value="false"/>
        <property key="enable-all-warnings" value="false"/>
        <property key="enable-ansi-std" value="false"/>
        <property key="enable-ansi-warnings" value="false"/>
        <property key="enable-fatal-warnings" value="false"/>
        <property key="enable-large-arrays" value="false"/>
        <property key="enable-omit-frame-pointer" value="false"/>
        <property key="enable-procedural-abstraction" value="false"/>
        <property key="enable-short-double" value="false"/>
        <property key="enable-symbols" value="true"/>
        <property key="enable-unroll-loops" value="false"/>
        <property key="extra-include-directories"
                  value="..;../../../Microchip/Include;../../../MiWi DE Demo/Node 1;../../../Microchip/Include/WirelessProtocols/P2P;../../../Microchip/Include/Transceivers;../../../Microchip/Include/Transceivers/MRF49XA;../../../Microchip/Include/Transceivers/MRF24J40;../../../Microchip/Include/WirelessProtocols;../../../Microchip/Include/WirelessProtocols/MiWi;../../../Microchip/Include/Transceivers/MRF89XA;."/>
        <property key="isolate-each-function" value="false"/>
        <property key="keep-inline" value="false"/>
        <property key="oXC16gcc-align-arr" value="false"/>
        <property key="oXC16gcc-cnsts-mauxflash" value="false"/>
        <property key="oXC16gcc-data-sects" value="false"/>
        <property key="oXC16gcc-errata" value=""/>
        <property key="oXC16gcc-fillupper" value=""/>
        <property key="oXC16gcc-large-aggregate" value="false"/>
        <property key="oXC16gcc-mauxflash" value="false"/>
        <property key="oXC16gcc-mpa-lvl" value=""/>
        <property key="oXC16gcc-name-text-sec" value=""/>
        <property key="oXC16gcc-near-chars" value="false"/>
        <property key="oXC16gcc-no-isr-warn" value="false"/>
        <property key="oXC16gcc-sfr-warn" value="false"/>
        <property key="oXC16gcc-smar-io-lvl" value="1"/>
        <property key="oXC16gcc-smart-io-fmt" value=""/>
        <property key="optimization-level" value="1"/>
        <property key="post-instruction-scheduling" value="default"/>
        <property key="pre-instruction-scheduling" value="default"/>
        <property key="preprocessor-macros" value="SIMPLE_EXAMPLE"/>
        <property key="scalar-model" value="default"/>
        <property key="use-cci" value="false"/>
        <property key="use-iar" value="false"/>
      </C30>
      <C30-AR>
        <property key="additional-options-chop-files" value="false"/>
      </C30-AR>
      <C30-AS>
        <property key="assembler-symbols" value=""/>
        <property key="expand-macros" value="false"/>
        <property key="extra-include-directories-for-assembler" value="..;;."/>
        <property key="extra-include-directories-for-preprocessor" value=""/>
        <property key="false-conditionals" value="false"/>
        <property key="keep-locals" value="false"/>
        <property key="list-assembly" value="false"/>
        <property key="list-section-info" value="false"/>
        <property key="list-source" value="false"/>
        <property key="list-symbols" value="false"/>
        <property key="oXC16asm-extra-opts" value=""/>
        <property key="oXC16asm-list-to-file" value="false"/>
        <property key="omit-debug-dirs" value="false"/>
        <property key="omit-forms" value="false"/>
        <property key="preprocessor-macros" value=""/>
        <property key="relax" value="false"/>
        <property key="warning-level" value="emit-warnings"/>
        <appendMe value="-g"/>
      </C30-AS>
      <C30-LD>
        <property key="additional-options-use-response-files" value="false"/>
        <property key="boot-eeprom" value="no_eeprom"/>
        <property key="boot-flash" value="no_flash"/>
        <property key="boot-ram" value="no_ram"/>
        <property key="boot-write-protect" value="no_write_protect"/>
        <property key="enable-check-sections" value="false"/>
        <property key="enable-data-init" value="true"/>
        <property key="enable-default-isr" value="true"/>
        <property key="enable-handles" value="true"/>
        <property key="enable-pack-data" value="true"/>
        <property key="extra-lib-directories" value="..;."/>
        <property key="fill-flash-options-addr" value=""/>
        <property key="fill-flash-options-const" value=""/>
        <property key="fill-flash-options-how" value="0"/>
        <property key="fill-flash-options-inc-const" value=""/>
        <property key="fill-flash-options-increment" value=""/>
        <property key="fill-flash-options-seq" value=""/>
        <property key="fill-flash-options-what" value="0"/>
        <property key="general-code-protect" value="no_code_protect"/>
        <property key="general-write-protect" value="no_write_protect"/>
        <property key="generate-cross-reference-file" value="false"/>
        <property key="heap-size" value=""/>
        <property key="input-libraries" value=""/>
        <property key="linker-stack" value="true"/>
        <property key="linker-symbols" value=""/>
        <property key="map-file" value="&quot;End_Point.X.${IMAGE_TYPE}.map&quot;"/>
        <property key="oXC16ld-extra-opts" value=""/>
        <property key="oXC16ld-fill-upper" value="0"/>
        <property key="oXC16ld-force-link" value="false"/>
        <property key="oXC16ld-no-smart-io" value="false"/>
        <property key="oXC16ld-nostdlib" value="false"/>
        <property key="oXC16ld-stackguard" value="16"/>
        <property key="preprocessor-macros" value=""/>
        <property key="remove-unused-sections" value="false"/>
        <property key="report-memory-usage" value="false"/>
        <property key="secure-eeprom" value="no_eeprom"/>
        <property key="secure-flash" value="no_flash"/>
        <property key="secure-ram" value="no_ram"/>
        <property key="secure-write-protect" value="no_write_protect"/>
        <property key="stack-size" value="16"/>
        <property key="symbol-stripping" value=""/>
        <property key="trace-symbols" value=""/>
        <property key="warn-section-align" value="false"/>
      </C30-LD>
      <C30Global>
        <property key="common-include-directories" value=""/>
        <property key="dual-boot-partition" value="0"/>
        <property key="fast-math" value="false"/>
        <property key="generic-16-bit" value="false"/>
        <property key="legacy-libc" value="false"/>
        <property key="oXC16glb-macros" value=""/>
        <property key="output-file-format" value="elf"/>
        <property key="relaxed-math" value="false"/>
        <property key="save-temps" value="false"/>
      </C30Global>
      <ICD3PlatformTool>
        <property key="ADC 1" value="true"/>
        <property key="AutoSelectMemRanges" value="auto"/>
        <property key="CLOCK CONTROL LVDCON" value="true"/>
        <property key="CLOCK CONTROL REFOCON" value="true"/>
        <property key="COMPARATOR" value="true"/>
        <property key="CRC" value="true"/>
        <property key="CTMU" value="true"/>
        <property key="Freeze All Other Peripherals" value="true"/>
        <property key="I2C1" value="true"/>
        <property key="INPUT CAPTURE 1" value="true"/>
        <property key="OUTPUT COMPARE 1" value="true"/>
        <property key="SPI 1" value="true"/>
        <property key="SecureSegment.SegmentProgramming" value="FullChipProgramming"/>
        <property key="TIMER1" value="true"/>
        <property key="TIMER2" value="true"/>
        <property key="TIMER3" value="true"/>
        <property key="ToolFirmwareFilePath"
                  value="Press to browse for a specific firmware version"/>
        <property key="ToolFirmwareOption.UseLatestFirmware" value="true"/>
        <property key="UART 1" value="true"/>
        <property key="UART 2" value="true"/>
        <property key="debugoptions.useswbreakpoints" value="false"/>
        <property key="hwtoolclock.frcindebug" value="false"/>
        <property key="memories.aux" value="false"/>
        <property key="memories.bootflash" value="false"/>
        <property key="memories.configurationmemory" value="true"/>
        <property key="memories.configurationmemory2" value="true"/>
        <property key="memories.dataflash" value="true"/>
        <property key="memories.eeprom" value="true"/>
        <property key="memories.flashdata" value="true"/>
        <property key="memories.id" value="true"/>
        <property key="memories.programmemory" value="true"/>
        <property key="memories.programmemory.end" value="0x2bff"/>
        <property key="memories.programmemory.partition2" value="true"/>
        <property key="memories.programmemory.partition2.end"
                  value="${memories.programmemory.partition2.end.value}"/>
        <property key="memories.programmemory.partition2.start"
                  value="${memories.programmemory.partition2.start.value}"/>
        <property key="memories.programmemory.start" value="0x0"/>
        <property key="poweroptions.powerenable" value="true"/>
        <property key="programoptions.donoteraseauxmem" value="false"/>
        <property key="programoptions.eraseb4program" value="true"/>
        <property key="programoptions.preservedataflash" value="false"/>
        <property key="programoptions.preserveeeprom" value="false"/>
        <property key="programoptions.preserveprogramrange" value="false"/>
        <property key="programoptions.preserveprogramrange.end" value="0x2bff"/>
        <property key="programoptions.preserveprogramrange.start" value="0x0"/>
        <property key="programoptions.preserveuserid" value="false"/>
        <property key="programoptions.programcalmem" value="false"/>
        <property key="programoptions.programuserotp" value="false"/>
        <property key="programoptions.testmodeentrymethod" value="VDDFirst"/>
        <property key="programoptions.usehighvoltageonmclr" value="false"/>
        <property key="programoptions.uselvpprogramming" value="false"/>
        <property key="voltagevalue" value="3.375"/>
      </ICD3PlatformTool>
      <PICkit3PlatformTool>
        <property key="ADC 1" value="true"/>
        <property key="AutoSelectMemRanges" value="auto"/>
        <property key="CLOCK CONTROL LVDCON" value="true"/>
        <property key="CLOCK CONTROL REFOCON" value="true"/>
        <property key="COMPARATOR" value="true"/>
        <property key="CRC" value="true"/>
        <property key="CTMU" value="true"/>
        <property key="Freeze All Other Peripherals" value="true"/>
        <property key="I2C1" value="true"/>
        <property key="INPUT CAPTURE 1" value="true"/>
        <property key="OUTPUT COMPARE 1" value="true"/>
        <property key="SPI 1" value="true"/>
        <property key="SecureSegment.SegmentProgramming" value="FullChipProgramming"/>
        <property key="TIMER1" value="true"/>
        <property key="TIMER2" value="true"/>
        <property key="TIMER3" value="true"/>
        <property key="ToolFirmwareFilePath"
                  value="Press to browse for a specific firmware version"/>
        <property key="ToolFirmwareOption.UseLatestFirmware" value="true"/>
        <property key="UART 1" value="true"/>
        <property key="UART 2" value="true"/>
        <property key="hwtoolclock.frcindebug" value="false"/>
        <property key="memories.aux" value="false"/>
        <property key="memories.bootflash" value="true"/>
        <property key="memories.configurationmemory" value="true"/>
        <property key="memories.configurationmemory2" value="true"/>
        <property key="memories.dataflash" value="true"/>
        <property key="memories.eeprom" value="true"/>
        <property key="memories.flashdata" value="true"/>
        <property key="memories.id" value="true"/>
        <property key="memories.programmemory" value="true"/>
        <property key="memories.programmemory.end" value="0x2bff"/>
        <property key="memories.programmemory.partition2" value="true"/>
        <property key="memories.programmemory.partition2.end"
                  value="${memories.programmemory.partition2.end.value}"/>
        <property key="memories.programmemory.partition2.start"
                  value="${memories.programmemory.partition2.start.value}"/>
        <property key="memories.programmemory.start" value="0x0"/>
        <property key="poweroptions.powerenable" value="true"/>
        <property key="programmertogo.imagename" value=""/>
        <property key="programoptions.donoteraseauxmem" value="false"/>
        <property key="programoptions.eraseb4program" value="true"/>
        <property key="programoptions.pgmspeed" value="2"/>
        <property key="programoptions.preservedataflash" value="false"/>
        <property key="programoptions.preserveeeprom" value="false"/>
        <property key="programoptions.preserveprogramrange" value="false"/>
        <property key="programoptions.preserveprogramrange.end" value="0x2bff"/>
        <property key="programoptions.preserveprogramrange.start" value="0x0"/>
        <property key="programoptions.preserveuserid" value="false"/>
        <property key="programoptions.programcalmem" value="false"/>
        <property key="programoptions.programuserotp" value="false"/>
        <property key="programoptions.testmodeentrymethod" value="VDDFirst"/>
        <property key="programoptions.usehighvoltageonmclr" value="false"/>
        <property key="programoptions.uselvpprogramming" value="false"/>
        <property key="voltagevalue" value="3.375"/>
      </PICkit3PlatformTool>
    </conf>
  </confs>
</configurationDescriptor>
